dbo.DIM_ESTUDIANTE;ID_CAMPUS;dbo.DIM_CAMPUS;ID_CAMPUS;R_107
dbo.DIM_ESTUDIANTE;ID_EAP;dbo.DIM_EAP;ID_EAP;R_105
dbo.DIM_ESTUDIANTE;ID_FACULTAD;dbo.DIM_FACULTAD;ID_FACULTAD;R_106
dbo.DIM_ESTUDIANTE;ID_MODALIDAD_ADMISION;dbo.DIM_MODALIDAD;ID_MODALIDAD;R_108
dbo.DIM_ESTUDIANTE;ID_MODALIDAD_INGRESO;dbo.DIM_MODALIDAD;ID_MODALIDAD;R_27
dbo.DIM_ESTUDIANTE;ID_PERIODO_BACHILLER;dbo.DIM_PERIODO;ID_PERIODO_ACADEMICO;R_33
dbo.DIM_ESTUDIANTE;ID_PERIODO_EGRESO;dbo.DIM_PERIODO;ID_PERIODO_ACADEMICO;R_32
dbo.DIM_ESTUDIANTE;ID_PERIODO_FIN_ESTUDIO;dbo.DIM_PERIODO;ID_PERIODO_ACADEMICO;R_31
dbo.DIM_ESTUDIANTE;ID_PERIODO_INGRESO;dbo.DIM_PERIODO;ID_PERIODO_ACADEMICO;R_29
dbo.DIM_ESTUDIANTE;ID_PERIODO_INICIO_ESTUDIO;dbo.DIM_PERIODO;ID_PERIODO_ACADEMICO;R_30
dbo.DIM_ESTUDIANTE;ID_PERIODO_TITULACION;dbo.DIM_PERIODO;ID_PERIODO_ACADEMICO;R_34
dbo.DIM_ESTUDIANTE;ID_PERSONA;dbo.DIM_PERSONA;ID_PERSONA;R_4
dbo.DIM_FACULTAD_EAP;ID_EAP;dbo.DIM_EAP;ID_EAP;R_38
dbo.DIM_FACULTAD_EAP;ID_FACULTAD;dbo.DIM_FACULTAD;ID_FACULTAD;R_37
dbo.DIM_PERSONA;ID_TIPO_COLEGIO;dbo.DIM_TIPO_COLEGIO;ID_TIPO_COLEGIO;R_1
dbo.DIM_PERSONA;ID_UBIGEO_NACIMIENTO;dbo.DIM_UBIGEO;ID_UBIGEO;R_3
dbo.DIM_PERSONA;ID_ZONA_COLEGIO;dbo.DIM_ZONA_COLEGIO;ID_ZONA_COLEGIO;R_2
dbo.DIM_TIEMPO;ID_ANIO;dbo.DIM_ANIO;ID_ANIO;FK__DIM_TIEMP__ID_AN__3F9B6DFF
dbo.DIM_TIEMPO;ID_DIA;dbo.DIM_DIA;ID_DIA;FK__DIM_TIEMP__ID_DI__408F9238
dbo.DIM_TIEMPO;ID_DIA;dbo.DIM_DIA;ID_DIA;FK__DIM_TIEMP__ID_DI__436BFEE3
dbo.DIM_TIEMPO;ID_DIA;dbo.DIM_DIA;ID_DIA;FK__DIM_TIEMP__ID_DI__558AAF1E
dbo.DIM_TIEMPO;ID_MES;dbo.DIM_MES;ID_MES;FK__DIM_TIEMP__ID_ME__4183B671
dbo.DIM_TIEMPO;ID_MES;dbo.DIM_MES;ID_MES;FK__DIM_TIEMP__ID_ME__4460231C
dbo.DIM_TIEMPO;ID_MES;dbo.DIM_MES;ID_MES;FK__DIM_TIEMP__ID_ME__567ED357
dbo.DIM_TIEMPO;ID_SEMANA;dbo.DIM_SEMANA;ID_SEMANA;FK__DIM_TIEMP__ID_SE__4277DAAA
dbo.DIM_TIEMPO;ID_SEMANA;dbo.DIM_SEMANA;ID_SEMANA;FK__DIM_TIEMP__ID_SE__45544755
dbo.DIM_TIEMPO;ID_SEMANA;dbo.DIM_SEMANA;ID_SEMANA;FK__DIM_TIEMP__ID_SE__5772F790
dbo.FCT_EFECTIVIDAD_USO_SALAS;ID_AMBIENTE;dbo.DIM_AMBIENTE;ID_AMBIENTE;FK__FCT_EFECT__ID_AM__7ABC33CD
dbo.FCT_EFECTIVIDAD_USO_SALAS;ID_CAMPUS;dbo.DIM_CAMPUS;ID_CAMPUS;FK__FCT_EFECT__ID_CA__7BB05806
dbo.FCT_EFECTIVIDAD_USO_SALAS;ID_DIA;dbo.DIM_DIA;ID_DIA;FK__FCT_EFECT__ID_DI__7CA47C3F
dbo.FCT_EFECTIVIDAD_USO_SALAS;ID_HORA;dbo.DIM_HORA;ID_HORA;FK__FCT_EFECT__ID_HO__7D98A078
dbo.FCT_EFECTIVIDAD_USO_SALAS;ID_METODO_ASISTENCIA;dbo.DIM_METODO_ASISTENCIA;ID_METODO_ASISTENCIA;FK__FCT_EFECT__ID_ME__7E8CC4B1
dbo.FCT_EFECTIVIDAD_USO_SALAS;ID_MODALIDAD;dbo.DIM_MODALIDAD;ID_MODALIDAD;FK__FCT_EFECT__ID_MO__7F80E8EA
dbo.FCT_EFECTIVIDAD_USO_SALAS;ID_PABELLON;dbo.DIM_PABELLON;ID_PABELLON;FK__FCT_EFECT__ID_PA__00750D23
dbo.FCT_EFECTIVIDAD_USO_SALAS;ID_PERIODO_ACADEMICO;dbo.DIM_PERIODO;ID_PERIODO_ACADEMICO;FK__FCT_EFECT__ID_PE__0169315C
dbo.FCT_EFECTIVIDAD_USO_SALAS;ID_SITIO;dbo.DIM_SITIO;ID_SITIO;FK__FCT_EFECT__ID_SI__025D5595
dbo.FCT_EFECTIVIDAD_USO_SALAS;ID_TIEMPO;dbo.DIM_TIEMPO;ID_TIEMPO;FK__FCT_EFECT__ID_TI__035179CE
dbo.FCT_EFECTIVIDAD_USO_SALAS;ID_TIPO_AMBIENTE;dbo.DIM_TIPO_AMBIENTE;ID_TIPO_AMBIENTE;FK__FCT_EFECT__ID_TI__04459E07
dbo.FCT_EFECTIVIDAD_USO_SALAS;ID_TIPO_PROGRAMACION;dbo.DIM_TIPO_PROGRAMACION;ID_TIPO_PROGRAMACION;FK__FCT_EFECT__ID_TI__0539C240
dbo.FCT_PERFIL_UC_ESTUDIANTE;ID_ANIO;dbo.DIM_ANIO;ID_ANIO;R_20
dbo.FCT_PERFIL_UC_ESTUDIANTE;ID_CAMPUS;dbo.DIM_CAMPUS;ID_CAMPUS;R_94
dbo.FCT_PERFIL_UC_ESTUDIANTE;ID_DISPONIBILIDAD_INTERNET;dbo.DIM_DISPONIBILIDAD_INTERNET;ID_DISPONIBILIDAD_INTERNET;R_103
dbo.FCT_PERFIL_UC_ESTUDIANTE;ID_EAP_POTENCIAL;dbo.DIM_EAP;ID_EAP;R_100
dbo.FCT_PERFIL_UC_ESTUDIANTE;ID_FACULTAD_EAP;dbo.DIM_FACULTAD_EAP;ID_FACULTAD_EAP;R_71
dbo.FCT_PERFIL_UC_ESTUDIANTE;ID_FUNNEL;dbo.DIM_FUNNEL;ID_FUNNEL;R_22
dbo.FCT_PERFIL_UC_ESTUDIANTE;ID_MODALIDAD;dbo.DIM_MODALIDAD;ID_MODALIDAD;R_69
dbo.FCT_PERFIL_UC_ESTUDIANTE;ID_NIVEL_EDUCATIVO;dbo.DIM_NIVEL_EDUCATIVO;ID_NIVEL_EDUCATIVO;R_110
dbo.FCT_PERFIL_UC_ESTUDIANTE;ID_NIVEL_EDUCATIVO_MADRE;dbo.DIM_NIVEL_EDUCATIVO;ID_NIVEL_EDUCATIVO;R_53
dbo.FCT_PERFIL_UC_ESTUDIANTE;ID_NIVEL_EDUCATIVO_PADRE;dbo.DIM_NIVEL_EDUCATIVO;ID_NIVEL_EDUCATIVO;R_52
dbo.FCT_PERFIL_UC_ESTUDIANTE;ID_PERIODO_ACADEMICO;dbo.DIM_PERIODO;ID_PERIODO_ACADEMICO;R_70
dbo.FCT_PERFIL_UC_ESTUDIANTE;ID_PERSONA;dbo.DIM_PERSONA;ID_PERSONA;R_49
dbo.FCT_PERFIL_UC_ESTUDIANTE;ID_RANGO_ETARIO;dbo.DIM_RANGO_ETARIO;ID_RANGO_ETARIO;R_50
dbo.FCT_PERFIL_UC_ESTUDIANTE;ID_TIEMPO_EMPRENDIMIENTO;dbo.DIM_TIEMPO_EMPRENDIMIENTO;ID_TIEMPO_EMPRENDIMIENTO;R_56
dbo.FCT_PERFIL_UC_ESTUDIANTE;ID_TIPO_EMPRENDIMIENTO;dbo.DIM_TIPO_EMPRENDIMIENTO;ID_TIPO_EMPRENDIMIENTO;R_54
dbo.FCT_PERFIL_UC_ESTUDIANTE;ID_TIPO_FINANCIAMIENTO;dbo.DIM_TIPO_FINANCIAMIENTO;ID_TIPO_FINANCIAMIENTO;R_55
dbo.FCT_PERFIL_UC_ESTUDIANTE;ID_UBIGEO_RESIDENCIA;dbo.DIM_UBIGEO;ID_UBIGEO;R_72
dbo.FCT_PERFIL_UC_ESTUDIANTE;ID_UNIVERSIDAD_RANKING;dbo.DIM_UNIVERSIDAD;ID_UNIVERSIDAD;R_99
dbo.FCT_PERFIL_UC_INTERESADO;ID_CAMPUS;dbo.DIM_CAMPUS;ID_CAMPUS;R_91
dbo.FCT_PERFIL_UC_INTERESADO;ID_EAP_POTENCIAL;dbo.DIM_EAP;ID_EAP;R_109
dbo.FCT_PERFIL_UC_INTERESADO;ID_FACULTAD_EAP;dbo.DIM_FACULTAD_EAP;ID_FACULTAD_EAP;R_85
dbo.FCT_PERFIL_UC_INTERESADO;ID_FUNNEL;dbo.DIM_FUNNEL;ID_FUNNEL;R_87
dbo.FCT_PERFIL_UC_INTERESADO;ID_INTERESADO;dbo.DIM_INTERESADO;ID_INTERESADO;R_89
dbo.FCT_PERFIL_UC_INTERESADO;ID_MODALIDAD;dbo.DIM_MODALIDAD;ID_MODALIDAD;R_83
dbo.FCT_PERFIL_UC_INTERESADO;ID_PERIODO_ACADEMICO;dbo.DIM_PERIODO;ID_PERIODO_ACADEMICO;R_84
dbo.FCT_PERFIL_UC_INTERESADO;ID_TIEMPO;dbo.DIM_TIEMPO;ID_TIEMPO;R_98
dbo.FCT_PERFIL_UC_INTERESADO;ID_UBIGEO_RESIDENCIA;dbo.DIM_UBIGEO;ID_UBIGEO;R_86
dbo.FCT_PERFIL_UC_POSTULANTE;ID_ANIO;dbo.DIM_ANIO;ID_ANIO;R_45
dbo.FCT_PERFIL_UC_POSTULANTE;ID_CAMPUS;dbo.DIM_CAMPUS;ID_CAMPUS;R_92
dbo.FCT_PERFIL_UC_POSTULANTE;ID_EAP_POTENCIAL;dbo.DIM_EAP;ID_EAP;R_80
dbo.FCT_PERFIL_UC_POSTULANTE;ID_FACULTAD_EAP;dbo.DIM_FACULTAD_EAP;ID_FACULTAD_EAP;R_78
dbo.FCT_PERFIL_UC_POSTULANTE;ID_FUNNEL;dbo.DIM_FUNNEL;ID_FUNNEL;R_74
dbo.FCT_PERFIL_UC_POSTULANTE;ID_MODALIDAD;dbo.DIM_MODALIDAD;ID_MODALIDAD;R_76
dbo.FCT_PERFIL_UC_POSTULANTE;ID_PERIODO_ACADEMICO;dbo.DIM_PERIODO;ID_PERIODO_ACADEMICO;R_77
dbo.FCT_PERFIL_UC_POSTULANTE;ID_PERSONA;dbo.DIM_PERSONA;ID_PERSONA;R_75
dbo.FCT_PERFIL_UC_POSTULANTE;ID_RANGO_ETARIO;dbo.DIM_RANGO_ETARIO;ID_RANGO_ETARIO;R_81
dbo.FCT_PERFIL_UC_POSTULANTE;ID_UBIGEO_RESIDENCIA;dbo.DIM_UBIGEO;ID_UBIGEO;R_79
dbo.FCT_RANKING_MOTIVOS;ID_ANIO;dbo.DIM_ANIO;ID_ANIO;R_41
dbo.FCT_RANKING_MOTIVOS;ID_CAMPUS;dbo.DIM_CAMPUS;ID_CAMPUS;R_96
dbo.FCT_RANKING_MOTIVOS;ID_ESTUDIANTE;dbo.DIM_ESTUDIANTE;ID_ESTUDIANTE;R_63
dbo.FCT_RANKING_MOTIVOS;ID_FACULTAD_EAP;dbo.DIM_FACULTAD_EAP;ID_FACULTAD_EAP;R_67
dbo.FCT_RANKING_MOTIVOS;ID_MODALIDAD;dbo.DIM_MODALIDAD;ID_MODALIDAD;R_65
dbo.FCT_RANKING_MOTIVOS;ID_MOTIVO_RANKING_UNIVERSIDAD;dbo.DIM_MOTIVO_RANKING_UNIVERSIDAD;ID_MOTIVO_RANKING_UNIVERSIDAD;R_36
dbo.FCT_RANKING_MOTIVOS;ID_PERIODO_ACADEMICO;dbo.DIM_PERIODO;ID_PERIODO_ACADEMICO;R_66
dbo.FCT_RANKING_MOTIVOS;ID_RANKING_UNIVERSIDAD;dbo.DIM_UNIVERSIDAD;ID_UNIVERSIDAD;R_35
dbo.FCT_RANKING_MOTIVOS;ID_UBIGEO_RESIDENCIA;dbo.DIM_UBIGEO;ID_UBIGEO;R_68
dbo.FCT_TAMANIO_GRUPO;ID_CAMPUS;dbo.DIM_CAMPUS;ID_CAMPUS;FK__FCT_TAMAN__ID_CA__0D0FEE32
dbo.FCT_TAMANIO_GRUPO;ID_CICLO;dbo.DIM_CICLO;ID_CICLO;FK__FCT_TAMAN__ID_CI__12C8C788
dbo.FCT_TAMANIO_GRUPO;ID_CLASIFICACION;dbo.DIM_CLASIFICACION;ID_CLASIFICACION;FK__FCT_TAMAN__ID_CL__0FEC5ADD
dbo.FCT_TAMANIO_GRUPO;ID_CLASIFICACION_FACULTAD;dbo.DIM_CLASIFICACION_FACULTAD;ID_CLASIFICACION_FACULTAD;FK__FCT_TAMAN__ID_CL__10E07F16
dbo.FCT_TAMANIO_GRUPO;ID_EAP;dbo.DIM_EAP;ID_EAP;FK__FCT_TAMAN__ID_EA__11D4A34F
dbo.FCT_TAMANIO_GRUPO;ID_FACULTAD;dbo.DIM_FACULTAD;ID_FACULTAD;FK__FCT_TAMAN__ID_FA__0A338187
dbo.FCT_TAMANIO_GRUPO;ID_MODALIDAD;dbo.DIM_MODALIDAD;ID_MODALIDAD;FK__FCT_TAMAN__ID_MO__0E04126B
dbo.FCT_TAMANIO_GRUPO;ID_NRC;dbo.DIM_NRC;ID_NRC;FK__FCT_TAMAN__ID_NR__0B27A5C0
dbo.FCT_TAMANIO_GRUPO;ID_PERIODO_ACADEMICO;dbo.DIM_PERIODO;ID_PERIODO_ACADEMICO;FK__FCT_TAMAN__ID_PE__0C1BC9F9
dbo.FCT_TAMANIO_GRUPO;ID_PLAN_ESTUDIO;dbo.DIM_PLAN_ESTUDIO;ID_PLAN_ESTUDIO;FK__FCT_TAMAN__ID_PL__13BCEBC1
dbo.FCT_TAMANIO_GRUPO;ID_TIPO_ASIGNATURA;dbo.DIM_TIPO_ASIGNATURA;ID_TIPO_ASIGNATURA;FK__FCT_TAMAN__ID_TI__0EF836A4
dbo.FCT_TENENCIA_EQUIPOS;ID_ANIO;dbo.DIM_ANIO;ID_ANIO;R_42
dbo.FCT_TENENCIA_EQUIPOS;ID_CAMPUS;dbo.DIM_CAMPUS;ID_CAMPUS;R_95
dbo.FCT_TENENCIA_EQUIPOS;ID_DISPONIBILIDAD_INTERNET;dbo.DIM_DISPONIBILIDAD_INTERNET;ID_DISPONIBILIDAD_INTERNET;R_39
dbo.FCT_TENENCIA_EQUIPOS;ID_ESTUDIANTE;dbo.DIM_ESTUDIANTE;ID_ESTUDIANTE;R_62
dbo.FCT_TENENCIA_EQUIPOS;ID_FACULTAD_EAP;dbo.DIM_FACULTAD_EAP;ID_FACULTAD_EAP;R_60
dbo.FCT_TENENCIA_EQUIPOS;ID_MODALIDAD;dbo.DIM_MODALIDAD;ID_MODALIDAD;R_58
dbo.FCT_TENENCIA_EQUIPOS;ID_PERIODO_ACADEMICO;dbo.DIM_PERIODO;ID_PERIODO_ACADEMICO;R_59
dbo.FCT_TENENCIA_EQUIPOS;ID_TIPO_EQUIPO_TECNOLOGICO;dbo.DIM_TIPO_EQUIPO_TECNOLOGICO;ID_TIPO_EQUIPO_TECNOLOGICO;R_40
dbo.FCT_TENENCIA_EQUIPOS;ID_UBIGEO_RESIDENCIA;dbo.DIM_UBIGEO;ID_UBIGEO;R_61
