CIC;FCT_COMERCIAL;Hecho (Fact)
CIC;FCT_DESERTOR;Hecho (Fact)
CIC;FCT_INGRESOS;Hecho (Fact)
CIC;FCT_MOROSIDAD;Hecho (Fact)
CIC;FCT_REINCORPORADO;Hecho (Fact)
CIC;FCT_VISITAS_COMERCIAL;Hecho (Fact)
dbo;DIM_ACCESS_INNOVATION_UC;Dimensión
dbo;DIM_ACTIVIDAD;Dimensión
dbo;DIM_AGENTE_GENESYS;Dimensión
dbo;DIM_AMBIENTE;Dimensión
dbo;DIM_AMBIENTE_PABELLON_PERIODO;Dimensión
dbo;DIM_ANIO;Dimensión
dbo;DIM_ASESOR_INNOVACION_UC;Dimensión
dbo;DIM_ASIGNATURA;Dimensión
dbo;DIM_BECAS_PRONABEC_IMPACTO;Dimensión
dbo;DIM_CAMPUS;Dimensión
dbo;DIM_CATEGORIA_INNOVACION_UC;Dimensión
dbo;DIM_CENTROCOSTO;Dimensión
dbo;DIM_CERTIFICACIONES;Dimensión
dbo;DIM_CICLO;Dimensión
dbo;DIM_CLASIFICACION;Dimensión
dbo;DIM_CLASIFICACION_FACULTAD;Dimensión
dbo;DIM_COMPETENCIA;Dimensión
dbo;DIM_CONTACTO_INNOVACION_UC;Dimensión
dbo;DIM_CRITERIO;Dimensión
dbo;DIM_DEPARTAMENTO;Dimensión
dbo;DIM_DEPENDENCIA;Dimensión
dbo;DIM_DIA;Dimensión
dbo;DIM_DISPONIBILIDAD_INTERNET;Dimensión
dbo;DIM_DOCENTE;Dimensión
dbo;DIM_EAP;Dimensión
dbo;DIM_EJE;Dimensión
dbo;DIM_ESCALA;Dimensión
dbo;DIM_ESCUELA;Dimensión
dbo;DIM_ESPECIALIDAD_EMPLEABILIDAD;Dimensión
dbo;DIM_ESTADO;Dimensión
dbo;DIM_ESTADO_PRAC_PRE_PROFESIONAL;Dimensión
dbo;DIM_ESTADO_TIPO_ESTUDIANTE;Dimensión
dbo;DIM_ESTUDIANTE;Dimensión
dbo;DIM_FACULTAD;Dimensión
dbo;DIM_FACULTAD_EAP;Dimensión
dbo;DIM_FUNNEL;Dimensión
dbo;DIM_HORA;Dimensión
dbo;DIM_INTERESADO;Dimensión
dbo;DIM_LINEA_INNOVACION_UC;Dimensión
dbo;DIM_LINEA_INVESTIGACION;Dimensión
dbo;DIM_MES;Dimensión
dbo;DIM_METODO_ASISTENCIA;Dimensión
dbo;DIM_MODALIDAD;Dimensión
dbo;DIM_MODALIDAD_ADMISION;Dimensión
dbo;DIM_MOTIVO_DESEMPLEO;Dimensión
dbo;DIM_MOTIVO_RANKING_UNIVERSIDAD;Dimensión
dbo;DIM_NECESIDAD_ASPIRACION;Dimensión
dbo;DIM_NIVEL;Dimensión
dbo;DIM_NIVEL_AVANCE_INNOVACION_UC;Dimensión
dbo;DIM_NIVEL_EDUCATIVO;Dimensión
dbo;DIM_NRC;Dimensión
dbo;DIM_OBJ_DES;Dimensión
dbo;DIM_PABELLON;Dimensión
dbo;DIM_PARTE_PERIODO;Dimensión
dbo;DIM_PERIODO;Dimensión
dbo;DIM_PERSONA;Dimensión
dbo;DIM_PLAN_ESTUDIO;Dimensión
dbo;DIM_PLANCUENTA;Dimensión
dbo;DIM_PREGUNTA_GENESYS;Dimensión
dbo;DIM_PRESUPUESTAL;Dimensión
dbo;DIM_PROGRAMA_PERTENENCIA;Dimensión
dbo;DIM_PROPOSITO;Dimensión
dbo;DIM_PROPUESTA_VALOR;Dimensión
dbo;DIM_PUBLICACION;Dimensión
dbo;DIM_RANGO_ETARIO;Dimensión
dbo;DIM_RAZONES_ELECCION;Dimensión
dbo;DIM_REMUNERACION;Dimensión
dbo;DIM_SECTOR_LABORAL;Dimensión
dbo;DIM_SEGMENTACION;Dimensión
dbo;DIM_SEGMENTO_ESTUDIANTE;Dimensión
dbo;DIM_SEMANA;Dimensión
dbo;DIM_SITIO;Dimensión
dbo;DIM_TIEMPO;Dimensión
dbo;DIM_TIEMPO_EMPRENDIMIENTO;Dimensión
dbo;DIM_TIPO_AMBIENTE;Dimensión
dbo;DIM_TIPO_ASIGNATURA;Dimensión
dbo;DIM_TIPO_BECA;Dimensión
dbo;DIM_TIPO_BENEFICIO;Dimensión
dbo;DIM_TIPO_COLEGIO;Dimensión
dbo;DIM_TIPO_DESERCION;Dimensión
dbo;DIM_TIPO_DOCENTE_AVATAR;Dimensión
dbo;DIM_TIPO_EMPRENDIMIENTO;Dimensión
dbo;DIM_TIPO_EQUIPO_TECNOLOGICO;Dimensión
dbo;DIM_TIPO_FINANCIAMIENTO;Dimensión
dbo;DIM_TIPO_INNOVACION_UC;Dimensión
dbo;DIM_TIPO_PRAC_PRE_PROFESIONAL;Dimensión
dbo;DIM_TIPO_PRINCIPAL;Dimensión
dbo;DIM_TIPO_PROGRAMACION;Dimensión
dbo;DIM_TIPO_PROYECTO;Dimensión
dbo;DIM_TIPO_SEGMENTACION;Dimensión
dbo;DIM_TIPO_TRABAJO;Dimensión
dbo;DIM_TIPO_VINCULO;Dimensión
dbo;DIM_UBIGEO;Dimensión
dbo;DIM_UNIDAD_ORGANIZATIVA;Dimensión
dbo;DIM_UNIVERSIDAD;Dimensión
dbo;DIM_ZONA_COLEGIO;Dimensión
dbo;FCT_ABANDONO;Hecho (Fact)
dbo;FCT_ABANDONOS_UC;Hecho (Fact)
dbo;FCT_ADRYAN_PAGOS_PLANILLA;Hecho (Fact)
dbo;FCT_AVANCE_EXTRACURRICULAR;Hecho (Fact)
dbo;FCT_BECA_EGRESADO_PRONABEC_IMPACTO;Hecho (Fact)
dbo;FCT_BECA_PREGRADO_PRONABEC_IMPACTO;Hecho (Fact)
dbo;FCT_BENEFICIOS;Hecho (Fact)
dbo;FCT_CENSO_EQUIDAD;Hecho (Fact)
dbo;FCT_CENSO_EQUIDAD_ADMINISTRATIVOS;Hecho (Fact)
dbo;FCT_CENSO_EQUIDAD_DOCENTES;Hecho (Fact)
dbo;FCT_CERTIFICACIONES_PROGRESIVAS;Hecho (Fact)
dbo;FCT_DESERCION;Hecho (Fact)
dbo;FCT_DOCENTE_AVATAR;Hecho (Fact)
dbo;FCT_DOCENTES_EXTRANJEROS;Hecho (Fact)
dbo;FCT_EFECTIVIDAD_USO_SALAS;Hecho (Fact)
dbo;FCT_EFECTIVIDAD_USO_SALAS_BK_040326;Hecho (Fact)
dbo;FCT_EGRESADO;Hecho (Fact)
dbo;FCT_EGRESADO_LABORAL;Hecho (Fact)
dbo;FCT_EGRESADO_LABORAL_ACUMULADO;Hecho (Fact)
dbo;FCT_EGRESADOS;Hecho (Fact)
dbo;FCT_ENCUESTAS_CAS;Hecho (Fact)
dbo;FCT_FINANCIERO;Hecho (Fact)
dbo;FCT_HORAS_DOCENTE_MATRICULA;Hecho (Fact)
dbo;FCT_HORAS_SEMANA_DOCENTE;Hecho (Fact)
dbo;FCT_INNOVACION_DOCENTE;Hecho (Fact)
dbo;FCT_INVESTIGADORES;Hecho (Fact)
dbo;FCT_LOG_PROCESOS;Hecho (Fact)
dbo;FCT_LOGRO_COMPETENCIAS;Hecho (Fact)
dbo;FCT_MATRICULA;Hecho (Fact)
dbo;FCT_MOROSIDAD;Hecho (Fact)
dbo;FCT_OBJETIVOS_EDUCACIONALES;Hecho (Fact)
dbo;FCT_PATENTES;Hecho (Fact)
dbo;FCT_PENSION_PROMEDIO;Hecho (Fact)
dbo;FCT_PERFIL_ESTUDIANTE_UC;Hecho (Fact)
dbo;FCT_PERFIL_UC_ESTUDIANTE;Hecho (Fact)
dbo;FCT_PERFIL_UC_INTERESADO;Hecho (Fact)
dbo;FCT_PERFIL_UC_POSTULANTE;Hecho (Fact)
dbo;FCT_PERTENENCIA_DOCENTE;Hecho (Fact)
dbo;FCT_PRAC_PRE_PROFESIONAL;Hecho (Fact)
dbo;FCT_PRESUPUESTO;Hecho (Fact)
dbo;FCT_PROBABILIDAD_PAGO;Hecho (Fact)
dbo;FCT_PROGRAMACION_DOCENTE;Hecho (Fact)
dbo;FCT_PROGRAMAS_EXTRACURRICULARES;Hecho (Fact)
dbo;FCT_PROYECTOS;Hecho (Fact)
dbo;FCT_PUBLICACIONES;Hecho (Fact)
dbo;FCT_RANKING_MOTIVOS;Hecho (Fact)
dbo;FCT_REPORTE_GENERAL_CAS;Hecho (Fact)
dbo;FCT_REPORTE_GESTION_DOCENTE;Hecho (Fact)
dbo;FCT_REPORTE_LDR_CAS;Hecho (Fact)
dbo;FCT_REPORTE_WORKFLOW_CAS;Hecho (Fact)
dbo;FCT_RESPUESTAS_MATRICES;Hecho (Fact)
dbo;FCT_RESPUESTAS_MULTIPLES;Hecho (Fact)
dbo;FCT_SOLICITUDES_CAS;Hecho (Fact)
dbo;FCT_SURVEY_GENESYS;Hecho (Fact)
dbo;FCT_TAMANIO_GRUPO;Hecho (Fact)
dbo;FCT_TASA_EMPLEABILIDAD;Hecho (Fact)
dbo;FCT_TASA_EMPLEABILIDAD_DETALLE;Hecho (Fact)
dbo;FCT_TENENCIA_EQUIPOS;Hecho (Fact)
dbo;FCT_TESISTAS_UC_INFORMACION;Hecho (Fact)
dbo;FCT_TRABAJADOR_INFORMACION;Hecho (Fact)
dbo;FCT_TRANSITABILIDAD;Hecho (Fact)
EDC;DIM_AREACONOCIMIENTO;Dimensión
EDC;DIM_ESTADO_FUNNEL;Dimensión
EDC;DIM_PROFESIONAL;Dimensión
EDC;DIM_PROGRAMA;Dimensión
EDC;FCT_INGRESOS;Hecho (Fact)
EDC;FCT_MATRICULA;Hecho (Fact)
EDC;FCT_MOROSIDAD;Hecho (Fact)
EDC;FCT_PERFIL_ESTUDIANTE;Hecho (Fact)
EDC;FCT_VENTAS;Hecho (Fact)
IC;DIM_ATENDEDOR_VENDEDOR;Dimensión
IC;DIM_ESTADO;Dimensión
IC;DIM_ESTADO_ACADEMICO;Dimensión
IC;DIM_MODALIDAD;Dimensión
IC;DIM_MODALIDAD_ADMISION;Dimensión
IC;DIM_PARENTESCO;Dimensión
IC;DIM_PERIODOACAD;Dimensión
IC;DIM_PLANESTUDIO;Dimensión
IC;DIM_PROGRAMAESTUDIOS;Dimensión
IC;DIM_REQUISITO_ADMISION;Dimensión
IC;DIM_SECCION;Dimensión
IC;DIM_SECCIONBLOQUE;Dimensión
IC;DIM_TIPO_FAMILIA;Dimensión
IC;DIM_TIPO_MATRICULA;Dimensión
IC;DIM_TIPODISCAPACIDAD;Dimensión
IC;DIM_TRABAJADOR;Dimensión
IC;DIM_UNIDADDIDACTICA;Dimensión
IC;DIM_VIVIENDA_MATERIAL;Dimensión
IC;DIM_VIVIENDA_TENENCIA;Dimensión
IC;DIM_VIVIENDA_TIPO;Dimensión
IC;DIM_VIVIENDA_ZONA;Dimensión
IC;FCT_ADMISION;Hecho (Fact)
IC;FCT_APTOS_REINCORPORAR;Hecho (Fact)
IC;FCT_APTOS_REINCORPORAR2;Hecho (Fact)
IC;FCT_APTOS_REMATRICULAR;Hecho (Fact)
IC;FCT_ASISTENCIA;Hecho (Fact)
IC;FCT_ASISTENCIADOCENTES;Hecho (Fact)
IC;FCT_BENEFICIOSSECCION;Hecho (Fact)
IC;FCT_CALIFICACIONESIDL;Hecho (Fact)
IC;FCT_CARGADONOTAS;Hecho (Fact)
IC;FCT_CIERRE_MES;Hecho (Fact)
IC;FCT_CONVALIDACIONES;Hecho (Fact)
IC;FCT_DETALLEMATRICULA;Hecho (Fact)
IC;FCT_DEUDA;Hecho (Fact)
IC;FCT_DOCENTESACTIVOS;Hecho (Fact)
IC;FCT_DOCSPOSTULANTES;Hecho (Fact)
IC;FCT_EGRESADOSAPTOS;Hecho (Fact)
IC;FCT_FICHA_SOCIO_ECONOMICA;Hecho (Fact)
IC;FCT_MATRICULA;Hecho (Fact)
IC;FCT_MODULARESAPTOS;Hecho (Fact)
IC;FCT_POBLACION_ESTADO;Hecho (Fact)
IC;FCT_REMATRICULADOS;Hecho (Fact)
PSG;DIM_AREA_CONOCIMIENTO;Dimensión
PSG;DIM_ESTADO;Dimensión
PSG;DIM_ESTUDIANTE;Dimensión
PSG;DIM_GESTOR;Dimensión
PSG;DIM_MODALIDAD;Dimensión
PSG;DIM_MOTIVO;Dimensión
PSG;DIM_PROGRAMA;Dimensión
PSG;DIM_SECCION;Dimensión
PSG;DIM_TIPO_PROGRAMA;Dimensión
PSG;FCT_MATRICULA;Hecho (Fact)
